<beans xmlns="http://www.springframework.org/schema/beans"
	xmlns:xsi="http://www.w3.org/2001/XMLSchema-instance"
	xmlns:util="http://www.springframework.org/schema/util"
	xmlns:context="http://www.springframework.org/schema/context"
	xmlns:aop="http://www.springframework.org/schema/aop"
	xsi:schemaLocation="http://www.springframework.org/schema/beans
	http://www.springframework.org/schema/beans/spring-beans-3.0.xsd
	http://www.springframework.org/schema/util
	http://www.springframework.org/schema/util/spring-util-2.5.xsd
	http://www.springframework.org/schema/context
	http://www.springframework.org/schema/context/spring-context-3.0.xsd
	http://www.springframework.org/schema/aop 
	http://www.springframework.org/schema/aop/spring-aop-3.0.xsd ">
	
	<aop:aspectj-autoproxy />
	
	<!-- Advices -->
	<bean id="beforeMethod" class="com.mkyong.core.BeforeMethod"/>
	<bean id="afterMethod" class="com.mkyong.core.AfterMethod"/>
	<bean id="afterException" class="com.mkyong.core.AfterException"/>
	<bean id="aroundMethod" class="com.mkyong.core.AroundMethod"/>
	
	<bean id="calculatorBean" class="com.mkyong.core.DivideCalculate">
		<property name="x" value="10"/>
		<property name="y" value="2"/>
	</bean>
	
	<!-- Aspect -->
	<bean id="loggingAspect" class="com.mkyong.core.LoggingAspect" />
	
	<!-- Interceptors -->
	<bean id="calAdvisor"
		class="org.springframework.aop.support.NameMatchMethodPointcutAdvisor">
	
		<property name="mappedName" value="divide" />
		<property name="advice" ref="aroundMethod" />
	</bean>
	
	<!-- Proxy -->
	<!-- <bean id="calculatorProxy" class="org.springframework.aop.framework.ProxyFactoryBean">
		<property name="target" ref="calculatorBean"/>
		<property name="interceptorNames">
			<list>
				<value>calAdvisor1</value>
			</list>
		</property>
	</bean> -->
	
	<!-- Autoproxy -->
	<!-- <bean class="org.springframework.aop.framework.autoproxy.BeanNameAutoProxyCreator">
		<property name="beanNames">
			<list>
				<value>calculatorBean</value>
			</list>
		</property>
		<property name="interceptorNames">
			<list>
				<value>calAdvisor</value>
			</list>
		</property>
	</bean>
	
	<bean id="calAdvisor"
		class="org.springframework.aop.support.NameMatchMethodPointcutAdvisor">
	
		<property name="mappedName" value="divide" />
		<property name="advice" ref="aroundMethod" />
	
	</bean>
	
	<bean id="calAdvisor1"
		class="org.springframework.aop.support.RegexpMethodPointcutAdvisor">
	
		<property name="patterns" value=".*div.*" />
		<property name="advice" ref="aroundMethod" />
	
	</bean> -->
	
		
</beans>