<beans xmlns="http://www.springframework.org/schema/beans"
	xmlns:xsi="http://www.w3.org/2001/XMLSchema-instance"
	xmlns:util="http://www.springframework.org/schema/util"
	xmlns:context="http://www.springframework.org/schema/context"
	xsi:schemaLocation="http://www.springframework.org/schema/beans
http://www.springframework.org/schema/beans/spring-beans-3.0.xsd
http://www.springframework.org/schema/util
	http://www.springframework.org/schema/util/spring-util-2.5.xsd
	http://www.springframework.org/schema/context
	http://www.springframework.org/schema/context/spring-context-3.0.xsd">
	
	<context:component-scan base-package="com.mkyong.core" />
	
	<!-- <bean id="personBean" class="com.mkyong.core.Person">
		<property name="name" value="Chinmay" />
		<property name="age" value="26" />
	</bean> -->
	
	<bean id="customerBean1" class="com.mkyong.core.Customer">
		<property name="custId" value="102" />
		<property name="custName" value="#{personBean1.name}" />
		<property name="custAge" value="#{personBean1.age}" />
	</bean>
	<bean id="personBean1" class="com.mkyong.core.Person">
		<property name="name" value="Harshal" />
		<property name="age" value="35" />
	</bean>
	
	
</beans>