<beans xmlns="http://www.springframework.org/schema/beans"
	xmlns:xsi="http://www.w3.org/2001/XMLSchema-instance"
	xmlns:util="http://www.springframework.org/schema/util"
	xsi:schemaLocation="http://www.springframework.org/schema/beans
http://www.springframework.org/schema/beans/spring-beans-3.0.xsd
http://www.springframework.org/schema/util
	http://www.springframework.org/schema/util/spring-util-2.5.xsd">
	<import resource="/SpringBeans1.xml"/>
	<bean id="emailMessageService" class="com.mkyong.core.EmailMessageService">
		<property name="on">
			<bean factory-bean="dateFormator" factory-method="parse">
				<constructor-arg>
					<value>2018-08-23</value>
				</constructor-arg>
			</bean>
		</property>
	</bean>
	<!-- <bean id="consumerBean" class="com.mkyong.core.MessageConsumer">
		<property name="msgService" ref="smsMessageService"/>
	</bean> -->
	<bean id="consumerBean" class="com.mkyong.core.MessageConsumer" scope="singleton">
		<property name="msgService">
				<bean class="com.mkyong.core.SmsMessageService">
					<property name="to">
						<util:list list-class="java.util.ArrayList">
								<value>Shri</value>
								<value>Shefali</value>
								<value>Anshika</value>
						</util:list>
						<!-- <bean class="org.springframework.beans.factory.config.ListFactoryBean">
							<property name="targetListClass">
								<value>java.util.ArrayList</value>
							</property>
							<property name="sourceList">
								<list>
									<value>Shri</value>
									<value>Shefali</value>
									<value>Anshika</value>
								</list>
							</property>
						</bean> -->
					</property>
					<property name="on">
						<bean factory-bean="dateFormator" factory-method="parse">
							<constructor-arg value="2018-08-24" />
						</bean>
					</property>
				</bean>
		</property>
	</bean>
	
	<bean name="dateFormator" class="java.text.SimpleDateFormat">
		<constructor-arg value="yyyy-MM-dd" />
	</bean>
	<!-- <bean id="consumerBean1" class="com.mkyong.core.MessageConsumer">
		<constructor-arg>
				<ref bean="emailMessageService" />	
		</constructor-arg>
	</bean> -->
	
</beans>